mine_name,latitude,longitude,station_id,station_name,distance_km
CV#2 Surface Mine ,38.034722,-81.222222,72412,Raleigh County Mem Airport,0.2573505581264668
Tijeras Plant & Quarry,35.071111,-106.393056,KZAB0,Albuquerque / Edith Endave,0.20196329433092342
TOM BAILEY BRANCH SURFACE MINE,37.723056,-81.570556,72016,Windom,0.1247610847660421
LEBEC CEMENT PLANT ,34.820833,-118.748889,72383,Sandberg,0.07780389199776712
Superior Cleaning Plant,37.4225,-81.539722,72016,Windom,0.17779732080096342
EUREKA STONE QUARRY INC,40.276111,-75.195,KNXX0,Willow Grove / Meetinghouse Village,0.08951876183794451
LIMEDALE PLANT,35.794722,-91.72,KBVX0,Batesville / Clearview Estates,0.09982997788239448
WEIR PLANT,30.610556,-97.722222,KGTU0,Georgetown / Serenada,0.08056653908416375
Clinton Point Quarry & Mill,41.928611,-73.920833,K44N0,Millbrook / Moores Mill,0.28698817468669224
Hollywood Quarry,34.716111,-85.952778,K4A60,Scottsboro / Webb Addition,0.05977716792388413
Dippel Quarry,31.368889,-97.5,KPWG0,McGregor / South Bosque,0.21709629688458135
Surface Mine No. 1,37.271389,-82.168056,72413,Pikeville,0.40799376301237184
Triad No. 2 Deep Mine,37.212778,-81.669444,KJFZ0,Richlands / Birmingham,0.19704851894901573
Pocahontas Highwall Mine,37.608056,-81.282778,72412,Raleigh County Mem Airport,0.25381962339425096
PIT NO. 1,36.136389,-91.839722,KBVX0,Batesville / Clearview Estates,0.45303726933332794
Keyesport Sand & Gravel LLC,38.741389,-89.376667,KVLA0,Vandalia / Shafter,0.32688204357229467
Tilden Mine,46.389444,-87.636111,72743,Marquette,0.16765933632518143
ROLLING ROCK PIT,40.413889,-75.672778,KPTW0,Pottstown / Herritage Ridge,0.20940572486203715
Martin Stone Quarries Inc ,40.360833,-75.628889,KPTW0,Pottstown / Herritage Ridge,0.14109816444588633
Evans No 1 Pit,43.381667,-110.753056,72577,Jackson Hole / Moose,0.226148173163086
Hockley Plant,29.966944,-95.834167,KTME0,Houston / Cardiff,0.17403377380555277
Lila Canyon,39.426111,-110.340556,72470,Price Carbon County Airport,0.4516287812540247
SPRING HOUSE QUARRY,40.216944,-75.228889,KNXX0,Willow Grove / Meetinghouse Village,0.08249019006523504
MINE #28,37.343611,-82.545278,72413,Pikeville,0.14258232290504652
Mine No 3,37.334722,-81.687778,KJFZ0,Richlands / Birmingham,0.2926910264562305
421 Sand,34.3825,-77.996389,72302,Wilmington / The Palms Mobile Home Park,0.14600680299560428
South Weber Pit,39.321111,-111.093611,72470,Price Carbon County Airport,0.45325641334899697
Jerry Fork Eagle,38.298611,-80.990556,72412,Raleigh County Mem Airport,0.514320170766229
Robinson Operation,39.255,-115.014167,72486,Ely Airport (Yelland Field),0.17022280660652245
Affinity Preparation Plant,37.711111,-81.2275,72412,Raleigh County Mem Airport,0.14204891524049615
Met-01 LT120 (S/N #79709),42.094722,-70.853333,KNZW0,South Weymouth / Southfield,0.0972130565973499
Jones Mill Quarry,34.4075,-92.822222,KHOT0,Hot Springs / Rockwell,0.2829031538954632
HWM No. 3,37.469167,-82.589167,72413,Pikeville,0.0738322949528219
WINNS BRANCH MINE,37.541389,-82.447222,72413,Pikeville,0.09056226810874828
Mine No 5,37.319444,-82.289444,72413,Pikeville,0.2801679465463519
Allstate Plant,32.615556,-86.425278,R254Y,Prattville (Grouby Field),0.1972831741938436
Bernardo's Pit #2,30.741389,-97.675556,KGTU0,Georgetown / Serenada,0.06270693149086742
Airport Surface,37.231111,-82.124444,KJFZ0,Richlands / Birmingham,0.366601079726997
Sanderling Dredge,45.7925,-122.843889,KSPB0,Scappoose,0.02798310063234166
Michael Powellton  Deep Mine,37.694722,-81.749444,72016,Windom,0.2207943985249612
Kincheloe Quarry,43.010556,-123.956111,72691,North Bend,0.4997317847175558
Elklick Surface Mine,37.775556,-81.6875,72016,Windom,0.22299363025880556
Columbia Plant #1,38.462778,-90.187222,KCPS0,Cahokia / Maplewood Park,0.1122921304811735
HOCKLEY MINE,29.964722,-95.838889,KTME0,Houston / Cardiff,0.17027452952512012
C F Poeppelman Inc ,40.105,-84.429167,KVES0,Versailles / Needmore,0.14294904437944933
Cohocton Mine,42.49,-77.505556,72523,"Dansville / Municipal, Ny.",0.2246434480148512
WINGDALE MINE,41.64,-73.606111,K44N0,Millbrook / Moores Mill,0.14811302549404684
PLACITAS,35.284722,-106.550833,KZAB0,Albuquerque / Edith Endave,0.11251873787507731
Capron Trails Mine,27.525833,-80.476667,KFPR0,Fort Pierce / Lakewood Park,0.10785499236474924
Dresser Trap Rock Incorporated,45.368889,-92.631111,KOEO0,Osceola,0.08363592315506296
Morgan Pit,30.818611,-97.644167,KGTU0,Georgetown / Serenada,0.14418210710764645
Grayson Quarry,33.882778,-83.936389,KLZU0,Lawrenceville / Village Gate,0.09880716474527067
Charles W Barger & Son Construction ,37.783889,-79.442778,KHSP0,Hot Springs / Healing Springs,0.42548367066785986
MORGAN CITY GRINDING PLANT,29.692222,-91.208333,KPTN0,Patterson / Avalon,0.1318043784287934
Blue Creek Mine No. 1,33.5925,-87.437222,KJFX0,Jasper / Manchester,0.33305354296869655
Dover Pit,41.706944,-73.580556,K44N0,Millbrook / Moores Mill,0.15744466034768984
Wilco Plant,32.663889,-86.711111,R254Y,Prattville (Grouby Field),0.30012832362508374
Plant No. 1 ,37.537778,-82.370278,72413,Pikeville,0.15622821309866117
Canyon Rock Plant,34.3325,-118.716944,72004,Stevenson Ranch,0.15165351672810293
Mine No. 43,37.395556,-81.473889,72016,Windom,0.21815185870627032
Usibelli,63.856944,-148.966111,PAHV0,Healy River,0.010990043539493451
PLANT #4,39.011944,-98.484167,KRSL0,Russell / Homer,0.35632146360414363
LIMEDALE QUARRY,35.794722,-91.72,KBVX0,Batesville / Clearview Estates,0.09982997788239448
Preferred Sands of Genoa ,41.407778,-97.823611,KBVN0,Albion / Loretto,0.3960283921703118
Wellmore #8 Prep Plant,37.354167,-82.191667,72413,Pikeville,0.34974531130238745
"Soiland Co., Inc.",38.321111,-122.735556,KO690,Petaluma / East Petaluma,0.1448271668472479
"Transporte Rodriguez Asfalto, Inc. ",18.143056,-67.106111,TJMZ0,Euginio / Colonia Dolores,0.12035571468359901
CHESAPEAKE QUARRY,37.103611,-93.818611,72349,Monette Mo.,0.2348640160646183
Mckee Materials LLC,39.455278,-82.269167,KUNI0,Ohio University / Albany,0.2466216303834682
Newhall Surface Mine No. 2,37.288611,-81.625833,KJFZ0,Richlands / Birmingham,0.2834251647437146
Cadman Black Diamond,47.286389,-121.993889,KRNT0,Renton,0.30319887407772556
Berwind Deep Mine,37.213889,-81.666111,KJFZ0,Richlands / Birmingham,0.2000766539154444
Boone Quarries Marshall,39.123056,-93.196944,KMHL0,Marshall,0.02817136617205082
Manufacturers Mineral Co. Renton Plant,47.467778,-122.242778,KRNT0,Renton,0.037073194736897755
Beckley Pocahontas Mine,37.770833,-81.2625,72412,Raleigh County Mem Airport,0.14868878198775484
Otter River Pit & Plant ,42.567778,-72.043056,KAFN0,Jaffrey,0.24067865468296815
Workman Creek Surface,37.896111,-81.373611,72412,Raleigh County Mem Airport,0.274300175431955
Jamboree Loadout,37.482222,-82.134167,72413,Pikeville,0.3825345189299866
Flying Eagle,37.756667,-81.554444,72016,Windom,0.1567300163497716
Twilight Mtr Surface Mine,37.905556,-81.585278,72016,Windom,0.30758577083473443
Bayer Quartzite Quarry,42.7025,-111.619167,KU780,Soda Springs,0.06566804922487393
Pettibone Jaw Crusher,44.906111,-73.497222,3RGDT,St Bernard De Lacolle,0.20971023247566634
Pintura Pit,37.333333,-113.272222,KDXZ0,St George / Bloomington Hills,0.380592092105186
Powellton #1 Mine,37.799722,-81.675,72016,Windom,0.2356138308419107
Guion Plant,35.925556,-91.940556,KBVX0,Batesville / Clearview Estates,0.3545183423632668
Enlow Fork Mine,40.077778,-80.353056,KAFJ0,Washington / Lagonda,0.0860183121201473
Shoal Creek Mine,33.519444,-87.303889,KJFX0,Jasper / Manchester,0.38269493053475484
Glen Alum Tunnel Mine,37.878611,-81.374167,72412,Raleigh County Mem Airport,0.2692005672542373
Triad Poca 4 Seam Deep Mine,37.2125,-81.668611,KJFZ0,Richlands / Birmingham,0.19738459089047494
Franklin Ridge Sand & Gravel,47.278056,-121.977778,KRNT0,Renton,0.3207036015076824
West Alabama Sand & Gravel,33.758333,-87.790277,KJFX0,Jasper / Manchester,0.4972821300006704
Pawhuska Quarry,36.665556,-96.376389,74643,Hominy Municipal,0.23235879896616748
Mine No 2,37.334444,-81.688056,KJFZ0,Richlands / Birmingham,0.2923286730240451
Fossil Rock Mine,39.2975,-111.121944,72470,Price Carbon County Airport,0.4901336339571084
CATSKILL QUARRY (ICC),42.237222,-73.867778,K44N0,Millbrook / Moores Mill,0.5454848127748412
Waterloo Plant #7,38.288889,-90.120278,KCPS0,Cahokia / Maplewood Park,0.2840912350020722
Maxine-Pratt Mine,33.601389,-87.140278,KJFX0,Jasper / Manchester,0.34729790584598075
GMA Garnet (USA) Corp,43.358333,-124.202778,72691,North Bend,0.07338718398330882
BORGER PIT,35.715965,-101.235428,KBGD0,Borger / Electric City,0.15898735864526756
Ram Surface Mine No. 3,37.683056,-81.724444,72016,Windom,0.1932071641321893
Quality 1,37.431944,-82.273889,72413,Pikeville,0.24818263528498805
"US Vanadium, LLC",34.463611,-92.9475,KHOT0,Hot Springs / Rockwell,0.14939455586130757
WHITNEY,31.833889,-97.3575,KPWG0,McGregor / South Bosque,0.35138913204736344
SO. MILFORD PIT,41.585278,-85.29,KC620,Kendallville / Wakeville Village,0.11630325053067085
PRINCETON QUARRY,35.466111,-78.160556,74694,Stoney Creek,0.19059568058327114
SHM System-81,37.081944,-81.976667,KJFZ0,Richlands / Birmingham,0.17929760239613685
Page #1,37.18,-81.994444,KJFZ0,Richlands / Birmingham,0.22803104774570085
Issaquah Pit & Plant,47.544444,-122.030556,KRNT0,Renton,0.19213148381251263
Racine Quarry,42.7725,-87.800833,KRAC0,Racine / Ives,0.01727531443997878
Caldwell Canyon Mine,42.724394,-111.498049,KU780,Soda Springs,0.11302269346021097
Rob Fork Processing,37.345833,-82.536944,72413,Pikeville,0.13894961541868497
S & S QUARRIES,36.716111,-91.841389,72348,"West Plains, Mo",0.019225270921364244
ROCKY CREEK MINE AND MILL,30.653889,-85.1725,74776,Marianna / Chipola Terrace,0.18415106820488633
Twin Creeks Mine,41.215556,-117.186389,72583,Winnemucca Municipal Airport,0.6899956872741961
CONCORDIA MINE,39.576667,-97.630833,72458,"Concordia, Blosser Municipal Airport",0.032840566042633405
Sahara Sand of Eagleswood Inc,39.6875,-74.266944,74590,Barnegat Coast Guard Station,0.1847780807779979
Lower Big Branch Impoundment,37.914444,-81.538333,72016,Windom,0.3146603693269954
SOILS PLUS,38.241944,-122.505556,KO690,Petaluma / East Petaluma,0.10099642702591236
Warrington Quarry,40.252222,-75.133056,KNXX0,Willow Grove / Meetinghouse Village,0.054565619395368296
Columbia River Carbonates (Woodland Mill,45.904444,-122.743889,KSPB0,Scappoose,0.1780738752793368
Eagle Seam Deep Mine,37.748333,-81.710556,72016,Windom,0.21858844439951572
KEARNEY PIT,42.203355,-73.798797,K44N0,Millbrook / Moores Mill,0.4996675266955032
Tilley ,37.315833,-82.255,72413,Pikeville,0.3106961314355284
Big Creek Surface ,37.159444,-81.798056,KJFZ0,Richlands / Birmingham,0.09574431091193171
Beech Creek Surface Mine #2,37.49,-82.135,72413,Pikeville,0.381758798195924
Organ Quarry,32.447778,-106.587778,72269,White Sands,0.12277241126572455
ROADRUNNER SCREEN (M70601),43.684167,-70.476389,74389,"Gray, Me.",0.31278724911670763
Kingston No. 2,37.925278,-81.281389,72412,Raleigh County Mem Airport,0.20692279720949946
FALLING SPRINGS QUARRY,38.543889,-90.164722,KCPS0,Cahokia / Maplewood Park,0.0281327958973171
Snoqualmie S&G dba CalPortland Company,47.551389,-121.8125,KRNT0,Renton,0.40739151626046266
Santosh DBA CalPortland,45.787222,-122.851389,KSPB0,Scappoose,0.01927543008599472
North Austin Quarry,30.737222,-97.670556,KGTU0,Georgetown / Serenada,0.05908761646910423
Hughes Ferry Surface Mine No. 1,38.096667,-80.891111,72412,Raleigh County Mem Airport,0.3726951915573896
Tyrone Quarry,33.442778,-84.616111,72215,Peachtree City,0.09071553893903694
BCX Pit,37.054167,-113.530278,KDXZ0,St George / Bloomington Hills,0.02673549649809707
Belmont Sand & Gravel (C627),43.4225,-71.415,KLCI0,Laconia / Dockham Shore,0.15052604425812915
RW-BILLINGS,41.672222,-73.758333,K44N0,Millbrook / Moores Mill,0.0406315465248356
Cumming Mine Site,34.142778,-84.192222,KLZU0,Lawrenceville / Village Gate,0.2827313130305875
Krome Quarry,25.680833,-80.479444,KTMB0,Miami / Country Walk,0.05709855711837249
Arcosa Frazier Park Plant# 1603,34.766944,-119.045556,72383,Sandberg,0.32929222261086166
Douglassville Quarry,40.256944,-75.687778,KPTW0,Pottstown / Herritage Ridge,0.1322204841164812
Great Valley,42.191389,-78.669722,KOLE0,Olean / Ischua,0.30246838447183116
Allen Powellton Mine,37.905278,-81.43,72016,Windom,0.32801624545744446
Eckman Surface Mine,37.387222,-81.483056,72016,Windom,0.22306047704602228
US Aggregates-Lowell Quarry,41.246389,-87.445,KIGQ0,Chicago / Lynwood,0.3006307487949308
Sewell Mine B,37.506111,-81.623611,72016,Windom,0.11930517022325882
Schachtler Quarry,42.99,-75.359722,KUCA0,Utica / Colemans Mills,0.16172792611048636
SAND CREEK PIT & PLANT,41.1175,-96.348889,72558,Valley,0.1999946792317207
KINSLEY PENROC,40.208056,-75.089167,KNXX0,Willow Grove / Meetinghouse Village,0.05960752154719961
BREEN PORTABLE NO.2,46.726389,-122.952222,KCLS0,Chehalis-Centralia,0.05803603884655691
"Festus, MO",38.202222,-90.384167,KCPS0,Cahokia / Maplewood Park,0.4332954991377194
"Rodriguez Aggregates, Corp.",18.081111,-67.159444,TJMZ0,Euginio / Colonia Dolores,0.17493167253816627
Sunnyside Waste Coal Site,39.544444,-110.391111,72470,Price Carbon County Airport,0.3660904858870331
Dupo Plant #9,38.5075,-90.203056,KCPS0,Cahokia / Maplewood Park,0.07867480369216527
Augusta Quarry,33.524569,-82.256669,KDNL0,Augusta / Highland Park,0.2248951469507519
BLACK EAGLE,37.956944,-81.539722,72016,Windom,0.3570919439304099
McCar Materials Quarry #1,30.780833,-97.676111,KGTU0,Georgetown / Serenada,0.10208599615030668
America #1,30.762778,-97.714722,KGTU0,Georgetown / Serenada,0.09110405132594196
Portage Operation,41.639722,-87.153889,KVPZ0,Valparaiso / Williamsburg Manor,0.23672699847081885
Skyline Mine #3,39.683056,-111.233056,72470,Price Carbon County Airport,0.4875922660092185
Sugar Run Surface Mine No. 1,37.580278,-81.4825,72016,Windom,0.07032216779934651
S-5 Ailly Branch,37.256389,-81.791389,KJFZ0,Richlands / Birmingham,0.19281289542455554
Castle Hayne Quarry,34.356944,-77.864167,72302,Wilmington / The Palms Mobile Home Park,0.09451127882427778
Midway Pit,42.288889,-85.406389,KAZO0,Kalamazoo / Colonial Acres Mobile Home Park,0.1550976648502371
"EV, Ballard & Blackfoot Bridge Mines",42.826667,-111.505556,KU780,Soda Springs,0.19379532353749174
Manh Choh,63.181944,-142.890833,PABN0,Nabesna,0.7871339413498831
Coal Creek Prep Plant,37.124444,-81.875,KJFZ0,Richlands / Birmingham,0.0978402960747786
Wheelock Road Rock Pit,39.640833,-121.594722,72751,Beale Afb / Oroville Junction,0.14938210660249757
Eckman Plant,37.404444,-81.464167,72016,Windom,0.21356369781636642
Eagle Star Rock Products LLC,45.870833,-122.839444,KSPB0,Scappoose,0.10230551610250269
Eagle #3 Mine,37.773611,-81.491389,72016,Windom,0.18323762889210357
Goals Preparation Plant,37.876944,-81.520278,72016,Windom,0.2785343361598346
White Mesa,35.170833,-106.595833,KZAB0,Albuquerque / Edith Endave,0.028747837796953564
3136,32.393611,-97.230833,KFWS0,Fort Worth / Oak Grove,0.1881833526377874
Carbon Hill Prep Plant,33.872222,-87.526111,KJFX0,Jasper / Manchester,0.2139929933549234
Eagle No 1 Mine,37.784167,-81.681667,72016,Windom,0.22639276220321206
Merrick Sand & Gravel,39.113056,-75.863611,KRJD0,Ridgely / Oakland Acres,0.1429812877861974
Mine #4,37.549722,-82.4075,72413,Pikeville,0.1278144048376421
Kapaa Quarry And Mill,21.378056,-157.769444,91184,Waimanalo / Waim?Nalo Beach,0.06917390455944278
Guthrie Sand Plant,35.898611,-97.450278,KGOK0,Guthrie,0.05836494157454334
FRIENDSHIP QUARRY,34.131667,-83.9275,KLZU0,Lawrenceville / Village Gate,0.1574828037882272
Mine 84,40.138333,-80.182778,KAFJ0,Washington / Lagonda,0.10743763759967896
Cox Bend,32.455556,-97.303333,KFWS0,Fort Worth / Oak Grove,0.10974757867488057
WATERVIEW,45.914167,-122.8225,KSPB0,Scappoose,0.14846305900458634
Little Eagle Mine No 1,38.321111,-81.055,72412,Raleigh County Mem Airport,0.5247509545689302
KINGSTON SEWELL,37.909444,-81.25,72412,Raleigh County Mem Airport,0.1724728359365678
Edwight Surface Mine,37.858056,-81.529167,72016,Windom,0.25889556393456786
Plant #17 Indian Road,35.988333,-95.759722,KRVS0,Tulsa / Jenks,0.23064782715864038
Mine No. 32,37.328611,-81.6875,KJFZ0,Richlands / Birmingham,0.28714887762448615
THREE RIVERS QUARRY,37.336389,-88.650278,72017,Metropolis / Choat,0.18086304986094096
Valley Rock Products-Orland,39.745833,-122.111111,72497,Chico,0.25752618703734903
Beckley Plant,37.858333,-81.247222,72412,Raleigh County Mem Airport,0.14296409120125345
Joppa Plant,37.2175,-88.875833,72017,Metropolis / Choat,0.12915829159987707
HUTCHESON PIT & PLANT,41.367222,-80.154167,KGKJ0,Meadville / Onspaugh Corners,0.26625049365775844
Republic Energy,37.976111,-81.346944,72412,Raleigh County Mem Airport,0.28987477271573947
BOONVILLE QUARRY ,43.527222,-75.323889,KUCA0,Utica / Colemans Mills,0.38187184264489027
"Husky 1, North Dry Ridge",42.654444,-111.604722,KU780,Soda Springs,0.0236801440029347
88 Strip,37.075556,-82.158889,KJFZ0,Richlands / Birmingham,0.36078385725667284
Festus Underground,38.202222,-90.384167,KCPS0,Cahokia / Maplewood Park,0.4332954991377194
West Roxbury Crushed Stone ,42.269167,-71.161111,74492,Blue Hill Obs. Ma.,0.06873953018461043
Oconee Rock Quarry ,34.730556,-83.092222,KCEU0,Clemson / Clemson Forest,0.21363221765455975
Corinth Prep Plant,33.696389,-87.203056,KJFX0,Jasper / Manchester,0.23372820124451837
Boone Quarries Boonville (BQB),38.898889,-92.7775,KVER0,Boonville / Windsor Place,0.1061740633158659
Emerald Mine No 1,39.937778,-80.195833,KAFJ0,Washington / Lagonda,0.21998991788943337
Tazewell County Quarry,37.043056,-81.784722,KJFZ0,Richlands / Birmingham,0.02470904328378096
Wyco Surface Mine ,37.611111,-81.318889,72016,Windom,0.23137793464805434
St. Louisville Plant,40.185,-82.4225,KVTA0,Newark / Central City (Historical),0.16504720536864476
ROSICLARE QUARRY,37.367222,-88.486389,72017,Metropolis / Choat,0.32044519064108634
Tiller No 1,37.142778,-81.856389,KJFZ0,Richlands / Birmingham,0.09812065024753903
JOHNSON SAND,39.011944,-98.484167,KRSL0,Russell / Homer,0.35632146360414363
PLANT 2,39.011944,-98.484167,KRSL0,Russell / Homer,0.35632146360414363
Turquoise Ridge,41.222222,-117.235,72583,Winnemucca Municipal Airport,0.6504244900709072
Forsyth Quarry ,34.074444,-84.165,KLZU0,Lawrenceville / Village Gate,0.22434109373006533
4th Street ,42.149722,-85.715556,KAZO0,Kalamazoo / Colonial Acres Mobile Home Park,0.1845316602103957
Caretta #3 Mine,37.323611,-81.68,KJFZ0,Richlands / Birmingham,0.28556718635200207
Centralia Coal Mine,46.754167,-122.850278,KCLS0,Chehalis-Centralia,0.15326556029649355
TC-2,37.416944,-82.518889,72413,Pikeville,0.0663920963443682
BUILDEX CLAY PIT,39.529722,-94.797778,72441,Fort Leavenworth / Beverly,0.19931837890169868
Maple Eagle No. 1 Mine,38.035833,-81.334167,72412,Raleigh County Mem Airport,0.3207944824619018
North Valley Sand,41.355556,-96.406389,72558,Valley,0.05554282543228234
TRM Mine and Mill,40.202222,-109.796667,74420,Roosevelt,0.21069507344264085
New Era Mine,37.334444,-88.583889,72017,Metropolis / Choat,0.22328877593153335
Paw Paw 2,37.438056,-82.110833,72413,Pikeville,0.4083810000783585
Georgetown Qy & Plt,30.600556,-97.721389,KGTU0,Georgetown / Serenada,0.08879864670702906
#6,37.348611,-82.311944,72413,Pikeville,0.24508395756760942
Hycroft Mine,40.953889,-118.126389,72583,Winnemucca Municipal Airport,0.33080780468725907
Meadows,32.330989,-86.627616,R254Y,Prattville (Grouby Field),0.15750348115835636
Cooperton Rock Quarry,35.11,-98.759722,KHBR0,Hobart / Babbs,0.31490593148431156
Horse Creek Eagle,37.883333,-81.4375,72016,Windom,0.30485051892525744
Mt Moriah Quarries,39.221944,-114.001667,72486,Ely Airport (Yelland Field),0.8519164384051958
Alpheus Coal Refuse Disposal Facility,37.373333,-81.560556,72016,Windom,0.22691266607441674
Sycamore Surface Mine,38.041667,-81.033611,72412,Raleigh County Mem Airport,0.2555517967262214
Piney Branch Surface Mine,37.428611,-82.116944,72413,Pikeville,0.4034795487468944
PAW PAW 2 SOUTH,37.378889,-82.1775,72413,Pikeville,0.3549060395668174
ANDERSON QUARRY,34.429167,-82.6325,72319,Anderson / Greenbriar,0.10097072590113053
Wingate Creek Mine,27.4975,-82.124167,72210,Tampa Bay Area,0.34218429813333545
Portable #2,44.256944,-99.039722,72653,Chamberlain Municipal Airport,0.5630772522665046
North Gila Gravel Plant ,32.649722,-114.534167,72280,Yuma / Yuma International,0.06583358696744172
CIMBAR Resources Inc.,27.826667,-97.393889,4MIKP,Corpus Christi Naval Air Station,0.16901586437373467
FORDS BRANCH MINE 1,37.416944,-82.518889,72413,Pikeville,0.0663920963443682
Lyons Mine,38.333056,-98.19,KLYO0,Lyons,0.03816484686200332
LIGONIER PIT,41.550278,-85.614722,KGSH0,Goshen / Bainter Town,0.18107262898627474
Beckley Pocahontas Plant,37.763889,-81.2625,72412,Raleigh County Mem Airport,0.15020534052090928
Coal Branch No. 2,37.769444,-81.637778,72016,Windom,0.19083041272291884
Rocklick Preparation Plant,37.841389,-81.630556,72016,Windom,0.25447577184675024
Granite Creek Mine,41.136389,-117.275833,72583,Winnemucca Municipal Airport,0.5750050462474153
Fedscreek Surface,37.393611,-82.174167,72413,Pikeville,0.3540804609266121
Cumberland Mine,39.826389,-80.234444,KAFJ0,Washington / Lagonda,0.31508342364681724
TRP-Los Banos Plant,37.0275,-120.8925,KNRC0,Crows Landing / Jet,0.4379792917479049
Mission Mine,31.071504,-81.963672,72213,Waycross / Ware County,0.4714265007400437
American Black Quarry,40.175556,-75.751667,KPTW0,Pottstown / Herritage Ridge,0.20521638585891946
Fort Pierce Mine,27.273056,-80.499444,KFPR0,Fort Pierce / Lakewood Park,0.2578071167985807
Lower War Eagle,37.734444,-81.727222,72016,Windom,0.22244735651385183
Kepler No. 1 Prep Plant,37.576389,-81.568889,72016,Windom,0.0302369582134211
Florida Canyon Mine,40.585833,-118.256389,72583,Winnemucca Municipal Airport,0.5540684282739813
Telsmith Crushing Plant,42.094722,-70.853333,KNZW0,South Weymouth / Southfield,0.0972130565973499
Lorusso-Bristol Stone Corporation,42.185556,-70.926111,KNZW0,South Weymouth / Southfield,0.03627548562045631
Meigs #31 Mine,39.054444,-82.241944,KUNI0,Ohio University / Albany,0.15796285219000475
Golden Gate Quarry,26.213611,-81.616389,KAPF0,Naples / East Naples,0.17079492276412028
Jarrell Location,30.805278,-97.678611,KGTU0,Georgetown / Serenada,0.12648046096136975
#7 Prep Plant,37.352222,-82.186944,72413,Pikeville,0.35485273229891123
Salls Portable Quarry Equip.,35.194722,-106.664444,KZAB0,Albuquerque / Edith Endave,0.09955412206433532
Deep Water Prep Plant P-2,38.035,-81.2175,72412,Raleigh County Mem Airport,0.2557061594878017
Cote Blanche Mine ,29.757778,-91.430556,KPTN0,Patterson / Avalon,0.10350491012507305
Eagle Mine,46.743056,-87.879444,72743,Marquette,0.39055208189434687
Rocky Point,37.583056,-79.610833,KHSP0,Hot Springs / Healing Springs,0.43062302403030017
Charleston Ship Yard,32.881575,-79.973511,KNAO0,Charleston / Windsor Place,0.039366835610698314
North Fork Winifrede Deep Mine,37.797222,-81.644167,72016,Windom,0.218549630914807
Carnegie,37.534167,-82.316389,72413,Pikeville,0.20666869237985552
Hageman Plant,38.470278,-90.400833,KCPS0,Cahokia / Maplewood Park,0.26444258880332416
Maple Eagle Preparation Plant,38.070278,-81.337778,72412,Raleigh County Mem Airport,0.3491785780485467
Peckham Materials Pleasant Valley Quarry,41.771032,-73.812673,K44N0,Millbrook / Moores Mill,0.09810753463929475
Adams,42.640833,-73.112222,KAQW0,North Adams / Blackinton,0.08016828034203213
Pevely Plant,38.263611,-90.458611,KCPS0,Cahokia / Maplewood Park,0.4309942770408986
Rasmussen Valley Mine,42.739444,-111.545,KU780,Soda Springs,0.09810734496458473
SP-13,46.506944,-87.664444,72743,Marquette,0.11743963501306261
Honey Island Operations,30.268889,-89.742222,72233,Slidell,0.09846699652675431
West Center Sand,41.233889,-96.330278,72558,Valley,0.09046669997849492
Orange County Operation,33.513889,-117.580556,69014,Irvine,0.2046616487205172
Buchanan Mine #1,37.161389,-81.986944,KJFZ0,Richlands / Birmingham,0.21243751894851148
Pit #40 Waterloo,41.248611,-96.346389,72558,Valley,0.07105384325988118
Rockridge Quarry,38.958333,-94.540833,KGVW0,Kansas City,0.1157812842302254
CE#2,37.428333,-82.243333,72413,Pikeville,0.2788384617982176
Vado Quarry,32.158889,-106.658333,K5T60,Santa Teresa / Strauss,0.2817471888236006
AUBURN QUARRY,34.028333,-83.825278,KLZU0,Lawrenceville / Village Gate,0.14603354810796718
Mine No. 39,37.333889,-81.623056,72016,Windom,0.27595695942846304
Corpus Processing Facility,27.828611,-97.393611,4MIKP,Corpus Christi Naval Air Station,0.17039574361468457
Swords Creek Plant ,37.030556,-81.928333,KJFZ0,Richlands / Birmingham,0.1341905578831809
PANTHER EAGLE MINE,37.925833,-81.487778,72016,Windom,0.33172084826401277
Cadman (Redmond),47.675833,-122.088611,KRNT0,Renton,0.22258248630563704
Savage Coal Terminal,39.533056,-110.77,72470,Price Carbon County Airport,0.08600185309631284
Thornton Quarry,41.565833,-87.613611,KIGQ0,Chicago / Lynwood,0.08961869676580353
Slip Ridge Cedar Grove Mine,37.916111,-81.451111,72016,Windom,0.33121775109737034
Laurel Fork Mine,37.205278,-81.617778,KJFZ0,Richlands / Birmingham,0.22941779043482965
Cricket Mountain Plant & Quarry,39.352222,-112.577222,KU240,Delta,0.019874208613167865
Barnhart Quarry,38.333056,-90.38,KCPS0,Cahokia / Maplewood Park,0.3264369935163602
Harvey Mine,39.969444,-80.420833,KAFJ0,Washington / Lagonda,0.2120676491712001
Chilton Deep Mine No.1,37.782222,-81.619722,72016,Windom,0.19510513721580558
Gateway Eagle Mine,37.793611,-81.591667,72016,Windom,0.1980438290126688
Litchfield Quarry,42.975833,-75.193889,KUCA0,Utica / Colemans Mills,0.2573143424102154
Ewing Fork No. 1 Surface Mine,37.916389,-81.314167,72412,Raleigh County Mem Airport,0.22921521635790776
#1,37.3675,-82.297222,72413,Pikeville,0.2481536469286678
No 1,37.409167,-81.545833,72016,Windom,0.19087848956339173
Pax Load Out,37.908333,-81.256667,72412,Raleigh County Mem Airport,0.17699378513947886
Taiga Mining Company - Hog River,63.588888,-154.493055,70248,Farewell / Intermediate Field,0.6161998349310133
Road Fork #52 Mine,37.578056,-81.57,72016,Windom,0.02969072474696523
Hays Quarry,30.101944,-101.005556,KSOA0,Sonora,0.6011966845151404
CASTLE VALLEY PREP PLANT ,39.533611,-110.772222,72470,Price Carbon County Airport,0.08600929720094304
Mine No. 2,37.190556,-82.151111,KJFZ0,Richlands / Birmingham,0.3749240542523283
Fayette County Quarry,33.499333,-84.581999,72215,Peachtree City,0.13351244170488213
Blue Mountain Minerals PR LLC,35.669444,-120.991944,72390,Point Piedras Blanca,0.292004088793284
MIN-AD Inc,40.970278,-117.758056,72583,Winnemucca Municipal Airport,0.08184312078605221
Gabel-Thomas ,42.552222,-78.478611,KOLE0,Olean / Ischua,0.32888704535904134
Gentry Mine #3,39.408333,-111.093889,72470,Price Carbon County Airport,0.40209010309880056
Evans Wash Plant,43.381667,-110.753056,72577,Jackson Hole / Moose,0.226148173163086
Maben Surface,37.645278,-81.369444,72016,Windom,0.18614662613111768
MATERIAL SAND & GRAVEL,43.258889,-75.110833,KUCA0,Utica / Colemans Mills,0.29341963194374765
Elkhorn  Stone,37.2775,-82.375278,72413,Pikeville,0.24970747302393684
Waco Plant,31.482222,-97.242222,KPWG0,McGregor / South Bosque,0.07432626028531905
Hidden Canyon Quarry,36.354167,-121.226944,69002,Hunter Ligget / Hunter-Liggett,0.36079892519934076
Twin Underground,41.215278,-117.186667,72583,Winnemucca Municipal Airport,0.6896213353522324
Horizon Ag Products,36.015,-106.971111,K4SL0,Star Lake Johnson Ranch / Lagunitas,0.12965867391347127
Thacker Pass,41.6825,-117.951389,72583,Winnemucca Municipal Airport,0.7970099618706161
Kingston Processing,37.969444,-81.308333,72412,Raleigh County Mem Airport,0.2558016337418622
HWM #73,37.469167,-82.589167,72413,Pikeville,0.0738322949528219
Labette County Plant,37.190278,-95.297222,KPPF0,Parsons / Morehead,0.25182977776268234
Ned's Branch Surface Mine,37.968889,-81.148333,72412,Raleigh County Mem Airport,0.17182590319855728
Fort Calhoun Underground Mine,41.473889,-96.0125,72553,"Omaha, Ne.",0.10727125300377353
Clinton Quarry,33.438333,-82.044722,KDNL0,Augusta / Highland Park,0.028665372368069996
Humboldt Mill,46.411111,-87.835556,72743,Marquette,0.3106000335753355
Immokalee Division,26.475556,-81.455278,KIMM0,Immokalee,0.06816452464443076
Coal Mountain No 1 Surface,37.640556,-81.675,72016,Windom,0.1314145697249723
Berwind Preparation Plant,37.211667,-81.658333,KJFZ0,Richlands / Birmingham,0.20367865420313438
Plant 1327-Hickory/Pearl River,30.331389,-89.739444,72233,Slidell,0.07727963157908208
Wyoming No 2,37.6025,-81.609722,72016,Windom,0.05977430287339973
Coweta West #19,35.91,-95.636667,KRVS0,Tulsa / Jenks,0.3712863214407437
FREEMAN PORTABLE CRUSHER,42.069167,-124.253611,KBOK0,Brookings,0.03689125384151575
Glancy Surface Mine,37.769722,-81.640556,72016,Windom,0.19236929697849714
Quality 2,37.444722,-82.252222,72413,Pikeville,0.2672767752125097
Carbon Hill Mine,33.873056,-87.528611,KJFX0,Jasper / Manchester,0.21635579968422258
United Dredging Y106,39.993333,-86.466944,KTYQ0,Indianapolis / Jolietville,0.21875901952833338
JEFFERSON BARRACKS (CS-71),38.472778,-90.288056,KCPS0,Cahokia / Maplewood Park,0.16423983323177282
Bishop Surface ,37.934722,-81.298333,72412,Raleigh County Mem Airport,0.22614279553636635
Black Oak Mine,37.810833,-81.566667,72016,Windom,0.21149076286684565
Hickory Gap Strip #4,37.469167,-82.589167,72413,Pikeville,0.0738322949528219
Maggie Lynn Quarry,40.001389,-80.031389,KAFJ0,Washington / Lagonda,0.29195567478984835
Plattsburgh Quarries,44.711389,-73.471111,KPLB0,Plattsburgh / Plattsburgh West,0.05848991060004204
Black Rock Mine,36.9375,-113.633056,KDXZ0,St George / Bloomington Hills,0.1576396064953188
Mine No. 1,37.168889,-81.798333,KJFZ0,Richlands / Birmingham,0.10518900517639951
Cantera H R /LAVADERO,18.14,-67.126944,TJMZ0,Euginio / Colonia Dolores,0.1176909135660024
Eagle Energy Mine No.1,38.120833,-81.300556,72412,Raleigh County Mem Airport,0.36977945132876483
Crawford Mine & Mill,31.534167,-97.443056,KPWG0,McGregor / South Bosque,0.13580743140564303
Saunders Preparation Plant,37.796111,-81.666667,72016,Windom,0.22819008131380805
# 5,37.448333,-82.337222,72413,Pikeville,0.18285251864002652
BELCHER BRANCH,37.546111,-81.505278,72016,Windom,0.07002914825270382
Marfork Processing,37.945556,-81.515278,72016,Windom,0.34729607890098835
No.32,37.4375,-81.426944,72016,Windom,0.2038357896346917
AFFINITY MINE,37.709167,-81.226667,72412,Raleigh County Mem Airport,0.14263020359658019
Mine No. 44,37.386111,-81.450556,72016,Windom,0.23587626726103458
Old Bradford Quarry,37.603611,-81.491111,72016,Windom,0.05899960713427873
Martis Valley Plant,39.332778,-120.123333,KTRK0,Truckee / Polaris,0.02068556436261537
Coal Branch No.1 Mine,37.769444,-81.637778,72016,Windom,0.19083041272291884
1874 Marianna ,30.6425,-85.165278,74776,Marianna / Chipola Terrace,0.19600607358957314
EDM No. 1 Mine,37.480556,-81.581944,72016,Windom,0.12364177397627418
SOUTH PLANT,39.011944,-98.484167,KRSL0,Russell / Homer,0.35632146360414363
Browns Canyon Quarry,39.321111,-111.093611,72470,Price Carbon County Airport,0.45325641334899697
The Chemours Company FC LLC,29.938333,-82.069167,K2CB0,Camp Blanding Mil Res(Starke) / Kingsley Beach,0.09058917472854772
Laurel Branch Surface,37.405833,-82.054167,KJFZ0,Richlands / Birmingham,0.4272270021639637
Portable Crusher #1,39.351955,-112.54562,KU240,Delta,0.04204511178483681
MT MARION PIT AND MILL,42.050833,-73.979444,K44N0,Millbrook / Moores Mill,0.41981118449250354
Freedom ,42.487778,-78.366389,KOLE0,Olean / Ischua,0.24652893259209574
Cottonwood Mines,40.232778,-109.807778,74420,Roosevelt,0.18795416932858786
Itmann No 5,37.59,-81.424444,72016,Windom,0.12595359913873339
Norris Quarries-Stoner Sand,40.358611,-93.865833,72540,Spickard,0.184491194938941
Lake Frances Pit,47.439722,-122.043889,KRNT0,Renton,0.1799117300372638
Malvern Minerals Sandstone Quarry,34.503611,-93.055278,KHOT0,Hot Springs / Rockwell,0.04827559844268596
Sorensen Pit,37.121944,-113.444722,KDXZ0,St George / Bloomington Hills,0.10778798643633743
Bailey Mine,39.9175,-80.471944,KAFJ0,Washington / Lagonda,0.2845907263703416
SHM 27 Highwall Miner ,37.092222,-81.982222,KJFZ0,Richlands / Birmingham,0.1861204087895749
Materion Natural Resources,39.465833,-112.438611,72479,Delta,0.10971761121169712
Lokotrack LT120,43.703056,-70.406944,74389,"Gray, Me.",0.2518300186077892
Ossipee Aggregates ,43.649722,-71.067222,KIZG0,Fryeburg,0.35357499822244426
Surface Mine No. 1,37.271389,-82.168056,KJFZ0,Richlands / Birmingham,0.4240922308378307
Triad No. 2 Deep Mine,37.212778,-81.669444,72016,Windom,0.40522555005823774
Pocahontas Highwall Mine,37.608056,-81.282778,72016,Windom,0.2673434054170815
PIT NO. 1,36.136389,-91.839722,72348,"West Plains, Mo",0.5969994800709615
Mine No 3,37.334722,-81.687778,72016,Windom,0.29892339247372457
Affinity Preparation Plant,37.711111,-81.2275,72016,Windom,0.34110394943623035
Airport Surface,37.231111,-82.124444,72413,Pikeville,0.4663304206858086
Mine No. 1,37.388611,-81.268889,72016,Windom,0.35172248100171144
PLANT #4,39.011944,-98.484167,KLYO0,Lyons,0.7168960887220708
Newhall Surface Mine No. 2,37.288611,-81.625833,72016,Windom,0.3204898644419187
Berwind Deep Mine,37.213889,-81.666111,72016,Windom,0.40319160289123157
Beckley Pocahontas Mine,37.770833,-81.2625,72016,Windom,0.33442512448827366
Workman Creek Surface,37.896111,-81.373611,72016,Windom,0.34466622062801267
Pettibone Jaw Crusher,44.906111,-73.497222,KPLB0,Plattsburgh / Plattsburgh West,0.220306283625778
Glen Alum Tunnel Mine,37.878611,-81.374167,72016,Windom,0.3294561172751204
Triad Poca 4 Seam Deep Mine,37.2125,-81.668611,72016,Windom,0.4052466154343581
Mine No 2,37.334444,-81.688056,72016,Windom,0.29929825972097396
Big Creek Surface ,37.159444,-81.798056,72016,Windom,0.505590118843321
Kingston No. 2,37.925278,-81.281389,72016,Windom,0.4218502656215762
Allen Powellton Mine,37.905278,-81.43,72412,Raleigh County Mem Airport,0.3305152754170507
S-5 Ailly Branch,37.256389,-81.791389,72016,Windom,0.4199251941024746
Manh Choh,63.181944,-142.890833,PADT0,Slana,1.1266666167172237
Wheelock Road Rock Pit,39.640833,-121.594722,72497,Chico,0.3056420212814321
Eagle #3 Mine,37.773611,-81.491389,72412,Raleigh County Mem Airport,0.37561712692847543
Kapaa Quarry And Mill,21.378056,-157.769444,91176,Mcbh Kaneohe Bay Hawaii,0.07452521903355604
KINGSTON SEWELL,37.909444,-81.25,72016,Windom,0.43099372284987836
Mine No. 32,37.328611,-81.6875,72016,Windom,0.3042338563030097
Valley Rock Products-Orland,39.745833,-122.111111,72591,Red Bluff Municipal Airport,0.42736532172136116
Beckley Plant,37.858333,-81.247222,72016,Windom,0.39800811068746117
Republic Energy,37.976111,-81.346944,72016,Windom,0.42742393879730545
Wyco Surface Mine ,37.611111,-81.318889,72412,Raleigh County Mem Airport,0.2766937766593246
JOHNSON SAND,39.011944,-98.484167,KLYO0,Lyons,0.7168960887220708
PLANT 2,39.011944,-98.484167,KLYO0,Lyons,0.7168960887220708
Caretta #3 Mine,37.323611,-81.68,72016,Windom,0.305435556739885
Horse Creek Eagle,37.883333,-81.4375,72412,Raleigh County Mem Airport,0.3314468718950355
ANDERSON QUARRY,34.429167,-82.6325,KCEU0,Clemson / Clemson Forest,0.35155056434174714
Beckley Pocahontas Plant,37.763889,-81.2625,72016,Windom,0.3309317970836225
Lorusso-Bristol Stone Corporation,42.185556,-70.926111,74492,Blue Hill Obs. Ma.,0.19311684457083472
Vado Quarry,32.158889,-106.658333,72269,White Sands,0.2845994518793001
Mine No. 39,37.333889,-81.623056,KJFZ0,Richlands / Birmingham,0.32204433740868404
PANTHER EAGLE MINE,37.925833,-81.487778,72412,Raleigh County Mem Airport,0.39183265046829424
#1,37.311667,-83.226944,72555,Burwell / Engle,0.0832858068640739
Slip Ridge Cedar Grove Mine,37.916111,-81.451111,72412,Raleigh County Mem Airport,0.3539950299679401
Laurel Fork Mine,37.205278,-81.617778,72016,Windom,0.40049883216808735
Cricket Mountain Plant & Quarry,39.352222,-112.577222,72479,Delta,0.07509074089394163
Ewing Fork No. 1 Surface Mine,37.916389,-81.314167,72016,Windom,0.3946127256057518
Pax Load Out,37.908333,-81.256667,72016,Windom,0.42557430347472913
Taiga Mining Company - Hog River,63.588888,-154.493055,PAFW0,Farewell / Nikolai,1.2372120319367266
Maben Surface,37.645278,-81.369444,72412,Raleigh County Mem Airport,0.29634173992200863
Kingston Processing,37.969444,-81.308333,72016,Windom,0.44146552303095815
Ned's Branch Surface Mine,37.968889,-81.148333,72016,Windom,0.5453581146457799
Fort Calhoun Underground Mine,41.473889,-96.0125,KBTA0,Blair / Bennington,0.11315370042998346
Berwind Preparation Plant,37.211667,-81.658333,72016,Windom,0.4031607096159082
Mine No. 2,36.971111,-82.633611,72413,Pikeville,0.5253624973691972
Bishop Surface ,37.934722,-81.298333,72016,Windom,0.41877809896530926
Mine No. 1,37.168889,-81.798333,72016,Windom,0.49751982192672717
AFFINITY MINE,37.709167,-81.226667,72016,Windom,0.3412647986212379
SOUTH PLANT,39.011944,-98.484167,KLYO0,Lyons,0.7168960887220708
Laurel Branch Surface,37.405833,-82.054167,72413,Pikeville,0.4689753854713419
Portable Crusher #1,39.351955,-112.54562,72479,Delta,0.047523282977928155
Materion Natural Resources,39.465833,-112.438611,KU240,Delta,0.19621392104027807
Ossipee Aggregates ,43.649722,-71.067222,KLCI0,Laconia / Dockham Shore,0.3588749076878998
CV#2 Surface Mine ,38.034722,-81.222222,72016,Windom,0.5444461723329473
TOM BAILEY BRANCH SURFACE MINE,37.723056,-81.570556,72412,Raleigh County Mem Airport,0.4603321060625701
LEBEC CEMENT PLANT ,34.820833,-118.748889,72004,Stevenson Ranch,0.4850274922208091
Superior Cleaning Plant,37.4225,-81.539722,KJFZ0,Richlands / Birmingham,0.44226691271674573
Keyesport Sand & Gravel LLC,38.741389,-89.376667,72433,"Salem, Salem-Leckrone Airport",0.44014538599194186
Michael Powellton  Deep Mine,37.694722,-81.749444,KJFZ0,Richlands / Birmingham,0.6329104780456727
Elklick Surface Mine,37.775556,-81.6875,72412,Raleigh County Mem Airport,0.5713231564850195
Mine No. 1,37.388611,-81.268889,72412,Raleigh County Mem Airport,0.43863698093298287
Mine No. 43,37.395556,-81.473889,KJFZ0,Richlands / Birmingham,0.46408070597364837
Usibelli,63.856944,-148.966111,PATW0,Cantwell,0.4658625920343905
Preferred Sands of Genoa ,41.407778,-97.823611,KAUH0,Aurora,0.5413892553468351
Wellmore #8 Prep Plant,37.354167,-82.191667,KJFZ0,Richlands / Birmingham,0.48898739736111607
Flying Eagle,37.756667,-81.554444,72412,Raleigh County Mem Airport,0.4398835737158275
Powellton #1 Mine,37.799722,-81.675,72412,Raleigh County Mem Airport,0.5583000692136828
Ram Surface Mine No. 3,37.683056,-81.724444,72412,Raleigh County Mem Airport,0.6188930995511361
Lower Big Branch Impoundment,37.914444,-81.538333,72412,Raleigh County Mem Airport,0.43688879114140855
Eagle Seam Deep Mine,37.748333,-81.710556,72412,Raleigh County Mem Airport,0.596099343754883
Organ Quarry,32.447778,-106.587778,K5T60,Santa Teresa / Strauss,0.5787326237287825
Tyrone Quarry,33.442778,-84.616111,ULJ8M,Henry County Airport,0.2899730422039268
Cumming Mine Site,34.142778,-84.192222,K47A0,Canton / Gober,0.2860750240199263
Arcosa Frazier Park Plant# 1603,34.766944,-119.045556,KOXR0,Oxnard,0.5887680455595395
Eckman Surface Mine,37.387222,-81.483056,KJFZ0,Richlands / Birmingham,0.4517136969585913
BREEN PORTABLE NO.2,46.726389,-122.952222,KTDO0,Toledo/Winlock / Cowlitz,0.2886694632360668
Sunnyside Waste Coal Site,39.544444,-110.391111,74420,Roosevelt,0.85858877284588
Sugar Run Surface Mine No. 1,37.580278,-81.4825,72412,Raleigh County Mem Airport,0.4267169990567567
Manh Choh,63.181944,-142.890833,PAMX0,McCarthy,1.749159593869295
Eckman Plant,37.404444,-81.464167,KJFZ0,Richlands / Birmingham,0.4772329988852371
Goals Preparation Plant,37.876944,-81.520278,72412,Raleigh County Mem Airport,0.41084739407717913
Eagle No 1 Mine,37.784167,-81.681667,72412,Raleigh County Mem Airport,0.5651888135641144
Kapaa Quarry And Mill,21.378056,-157.769444,91180,Hickam Afb / Hickam Housing,0.1860203447798074
Edwight Surface Mine,37.858056,-81.529167,72412,Raleigh County Mem Airport,0.41653274208038615
Valley Rock Products-Orland,39.745833,-122.111111,72751,Beale Afb / Oroville Junction,0.5405566373748439
Boone Quarries Boonville (BQB),38.898889,-92.7775,KMHL0,Marshall,0.4685466629066903
Tiller No 1,37.142778,-81.856389,72016,Windom,0.5503872969146353
Centralia Coal Mine,46.754167,-122.850278,KTDO0,Toledo/Winlock / Cowlitz,0.2804054785003313
Maple Eagle No. 1 Mine,38.035833,-81.334167,72016,Windom,0.4863479081665689
Mt Moriah Quarries,39.221944,-114.001667,KU240,Delta,1.4227315647812873
Alpheus Coal Refuse Disposal Facility,37.373333,-81.560556,KJFZ0,Richlands / Birmingham,0.3903777711717196
PAW PAW 2 SOUTH,37.378889,-82.1775,KJFZ0,Richlands / Birmingham,0.4930889835729453
Portable Crusher #1,35.006389,-101.043611,KBGD0,Borger / Electric City,0.7777582124555137
Coal Branch No. 2,37.769444,-81.637778,72412,Raleigh County Mem Airport,0.5219731326610622
Rocklick Preparation Plant,37.841389,-81.630556,72412,Raleigh County Mem Airport,0.5155201626095767
Fedscreek Surface,37.393611,-82.174167,KJFZ0,Richlands / Birmingham,0.5001172558610645
Lower War Eagle,37.734444,-81.727222,72412,Raleigh County Mem Airport,0.6140315151684016
Golden Gate Quarry,26.213611,-81.616389,KIMM0,Immokalee,0.3077392822536664
#7 Prep Plant,37.352222,-82.186944,KJFZ0,Richlands / Birmingham,0.4840341963332753
Deep Water Prep Plant P-2,38.035,-81.2175,72016,Windom,0.5475228305742083
Eagle Mine,46.743056,-87.879444,72538,Copper Harbor,0.7236542734427817
North Fork Winifrede Deep Mine,37.797222,-81.644167,72412,Raleigh County Mem Airport,0.527474315368058
Maple Eagle Preparation Plant,38.070278,-81.337778,72016,Windom,0.5159453212967428
Honey Island Operations,30.268889,-89.742222,69535,Gulfport / Napoleon,0.20373038949797875
Orange County Operation,33.513889,-117.580556,KNFG0,Oceanside / Chappo,0.3100154293853841
CIMBAR Resources Inc.,27.788611,-97.522778,4MIKP,Corpus Christi Naval Air Station,0.2508226863842287
Chilton Deep Mine No.1,37.782222,-81.619722,72412,Raleigh County Mem Airport,0.5033360604685516
Gateway Eagle Mine,37.793611,-81.591667,72412,Raleigh County Mem Airport,0.47500996874803186
No 1,37.409167,-81.545833,KJFZ0,Richlands / Birmingham,0.4278867071760905
Taiga Mining Company - Hog River,63.588888,-154.493055,70231,McGrath Airport,1.27808650316361
Mine No. 2,37.190556,-82.151111,72413,Pikeville,0.4683528226209375
Fayette County Quarry,33.499333,-84.581999,ULJ8M,Henry County Airport,0.2738176025934
Blue Mountain Minerals PR LLC,35.669444,-120.991944,69002,Hunter Ligget / Hunter-Liggett,0.40610071493657446
Coal Mountain No 1 Surface,37.640556,-81.675,72412,Raleigh County Mem Airport,0.5806214594174101
Glancy Surface Mine,37.769722,-81.640556,72412,Raleigh County Mem Airport,0.5247302793054822
Black Oak Mine,37.810833,-81.566667,72412,Raleigh County Mem Airport,0.4500973838826448
Plattsburgh Quarries,44.711389,-73.471111,3RGDT,St Bernard De Lacolle,0.3797042054573541
Eagle Energy Mine No.1,38.120833,-81.300556,72016,Windom,0.5774853444244229
Saunders Preparation Plant,37.796111,-81.666667,72412,Raleigh County Mem Airport,0.5499807500358629
BELCHER BRANCH,37.546111,-81.505278,72412,Raleigh County Mem Airport,0.46416859696128127
Marfork Processing,37.945556,-81.515278,72412,Raleigh County Mem Airport,0.4243241346188103
No.32,37.4375,-81.426944,72412,Raleigh County Mem Airport,0.4771347708310568
Mine No. 44,37.386111,-81.450556,KJFZ0,Richlands / Birmingham,0.4742095976010985
Old Bradford Quarry,37.603611,-81.491111,72412,Raleigh County Mem Airport,0.42279100775915923
Coal Branch No.1 Mine,37.769444,-81.637778,72412,Raleigh County Mem Airport,0.5219731326610622
EDM No. 1 Mine,37.480556,-81.581944,KJFZ0,Richlands / Birmingham,0.46965821984929035
Itmann No 5,37.59,-81.424444,72412,Raleigh County Mem Airport,0.37256726847107374
Norris Quarries-Stoner Sand,40.358611,-93.865833,KCDJ0,Chillicothe,0.6072201770445356
